Abóbora aos Pedaços,Continente,Unidade,emb. 750 gr
Alho Picado,Continente,Unidade,emb. 150 gr
Feijão Verde Redondo,Continente,Unidade,emb. 750 gr
Esparregado de Espinafres,Iglo,Unidade,emb. 750 gr
Esparregado de Espinafres,Continente,Unidade,emb. 700 gr
Brócolos,Continente,Unidade,emb. 1 kg
Couve Flor,Continente,Unidade,emb. 750 gr
Espinafres em Folha,Continente,Unidade,emb. 750 gr
Couve de Bruxelas,Continente,Unidade,emb. 750 gr
Cenoura Baby,Continente,Unidade,emb. 750 gr
Ervilhas,Iglo,Unidade,emb. 700 gr
Brócolos,Bonduelle,Unidade,emb. 400 gr
"Mistura de Brócolos, Couve-flor e Cenoura",Continente,Unidade,emb. 1 kg
Ervilhas Baby,Continente,Unidade,emb. 400 gr
Cogumelos Laminados,Continente,Unidade,emb. 400 gr
Mistura de Ervilhas e Cenoura,Continente,Unidade,emb. 750 gr
Mistura de Feijão Verde e Cenoura,Continente,Unidade,emb. 400 gr
Ervilhas,Continente,Unidade,emb. 1 kg
Tomate em Cubos,Continente,Unidade,emb. 400 gr
Mistura de Dois Pimentos,Continente,Unidade,emb. 400 gr
Ervilhas,Continente Bio,Unidade,emb. 750 gr
Esparregado de Grelos,Continente Seleção,Unidade,emb. 350 gr
Mistura de Cogumelos,Continente,Unidade,emb. 400 gr
Alho Francês Cortado,Continente,Unidade,emb. 750 gr
Ervilhas,Continente,Unidade,emb. 1 kg
Ervilhas,Iglo,Unidade,"emb. 1,125 kg"
Coentros Picados,Continente,Unidade,emb. 150 gr
Cebola Picada,Iglo,Unidade,emb. 350 gr
Alho Picado,Iglo,Unidade,emb. 150 gr
Ervilhas Primavera,Iglo,Unidade,emb. 500 gr
Milho Doce,Continente,Unidade,emb. 750 gr
Ervilhas,Continente,Unidade,emb. 400 gr
"Mistura de Curgete, Beringela e Pimentos Grelhados",Continente,Unidade,emb. 400 gr
Salteado de Espinafres com Alho,Continente,Unidade,emb. 750 gr
Veggie Bowls Trigo Sarraceno e Brócolos,Iglo Green Cuisine,Unidade,emb. 350 gr
Jardineira,Continente,Unidade,emb. 750 gr
Esparregado de Espinafres,Continente,Unidade,emb. 350 gr
Veggie Bowls de Quinoa e Abóbora,Iglo Green Cuisine,Unidade,emb. 350 gr
Espinafres Mil-Folhas,Bonduelle,Unidade,emb. 400 gr
Morangos,Continente,Unidade,emb. 750 gr
Salsa Picada,Continente,Unidade,emb. 150 gr
Mirtilos,Continente,Unidade,emb. 400 gr
Brócolos,Iglo,Unidade,emb. 533 gr
Macedónia,Continente,Unidade,emb. 1 kg
Cubos de Curgete,Origens Bio,Unidade,emb. 300 gr
Couscous de Quinoa e Vegetais,Continente,Unidade,emb. 300 gr
Mistura de Frutos Silvestres,Continente,Unidade,emb. 650 gr
Mistura de Legumes Orientais,Continente,Unidade,emb. 750 gr
"Refeição Vegetariana de Cevada, Ervilhas e Espinafres",Continente Equilíbrio,Unidade,emb. 350 gr
Salteado Rústico,Bonduelle,Unidade,emb. 400 gr
Framboesas,Continente,Unidade,emb. 500 gr
Salteado da Horta,Bonduelle,Unidade,emb. 400 gr
Veggie Bowls de Couscous e Edamame,Iglo Green Cuisine,Unidade,emb. 350 gr
Mistura de Legumes Mediterrâneos,Continente,Unidade,emb. 750 gr
Salteado de Grelos com Alho,Continente,Unidade,emb. 750 gr
Veggie Bowls de Bulgur e Courgette,Iglo Green Cuisine,Unidade,emb. 350 gr
Salteado de Legumes Estilo Parisino,Bonduelle,Unidade,emb. 400 gr
Jardineira,Iglo,Unidade,emb. 650 gr
Favas,Continente,Unidade,emb. 1 kg
Riced Veggies Tricolor,Continente,Unidade,emb. 500 gr
Grelos Mil-Folhas,Bonduelle,Unidade,emb. 400 gr
Espargos Verdes,Continente,Unidade,emb. 300 gr
Mistura para Refogado,Continente,Unidade,emb. 250 gr
Ervilhas Primavera,Iglo,Unidade,emb. 800 gr
Sopa de Legumes,Iglo,Unidade,emb. 750 gr
Mistura de Legumes Estilo Italiano,Continente,Unidade,emb. 750 gr
Sorvete de Açaí e Guaraná,Native Açaí,Unidade,emb. 160 ml
Ervilhas,Bonduelle,Unidade,emb. 400 gr
Mistura de Legumes Vaporizados,Bonduelle,Unidade,emb. 750 gr
Favas,Iglo,Unidade,emb. 700 gr
Sorvete de Açaí com Stevia,Native Açaí,Unidade,emb. 160 ml
Salteado do Campo,Bonduelle,Unidade,emb. 750 gr
Curgete Verde,Continente,Quilo,Quant. Mínima = 500 gr (1 un)
Cenoura Embalada,Continente,Unidade,emb. 1 kg
Couve Brócolo,Continente,Quilo,Quant. Mínima = 500 gr (1 un)
Pepino,Continente,Quilo,Quant. Mínima = 300 gr (1 un)
Cebola,Continente,Unidade,"emb. 1,5 kg"
Espinafre Baby Leaf,Continente,Unidade,emb. 170 gr
Tomate em Cacho,Continente,Quilo,Quant. Mínima = 480 gr (3 un)
Cenoura,Continente,Quilo,Quant. Mínima = 680 gr (4 un)
Alho Francês Cortado,Continente,Unidade,emb. 300 gr
Alface Frisada,Continente,Quilo,Quant. Mínima = 800 gr (1 un)
Tomate Redondo,Continente,Quilo,Quant. Mínima = 690 gr (3 un)
Batata Vermelha,Continente,Unidade,emb. 3 kg
Cebola Nova,Continente,Quilo,Quant. Mínima = 400 gr (2 un)
Batata Doce,Continente,Quilo,Quant. Mínima = 1 kg (2 un)
Batata Branca,Continente,Unidade,emb. 3 kg
Nabo sem Rama,Continente,Quilo,Quant. Mínima = 500 gr (2 un)
Couve Flor Inteira,Continente,Quilo,"Quant. Mínima = 1,4 kg (1 un)"
Tomate Cherry Vermelho,Continente,Unidade,emb. 250 gr
Pimento Vermelho,Continente,Quilo,Quant. Mínima = 400 gr (1 un)
Alho Seco,Continente,Unidade,emb. 400 gr
Cebola Roxa,Continente,Quilo,Quant. Mínima = 320 gr (2 un)
Couve Coração Inteira,Continente,Quilo,"Quant. Mínima = 1,1 kg (1 un)"
Salada Aromática,Continente,Unidade,emb. 150 gr
Cogumelo Marron,Continente,Unidade,emb. 300 gr
Tomate Cherry Trimix,Continente,Unidade,emb. 250 gr
Abóbora Manteiga (Butternut) Inteira,Continente,Quilo,"Quant. Mínima = 1,3 kg (1 un)"
Tomate Chucha,Continente,Quilo,Quant. Mínima = 560 gr (4 un)
Batata Vermelha,Continente,Quilo,Quant. Mínima = 600 gr (2 un)
Cogumelo Branco Inteiro,Continente,Unidade,emb. 300 gr
Tomate Mini Chucha Vermelho,Continente,Unidade,emb. 250 gr
Batata Doce Polpa Laranja,Continente,Unidade,emb. 1 kg
Cenoura Biológica,Continente Bio,Unidade,emb. 500 gr
Alho seco,Continente,Quilo,Quant. Mínima = 200 gr (2 un)
Cogumelo Branco Laminado,Continente,Unidade,emb. 250 gr
Rúcula Selvagem,Continente,Unidade,emb. 100 gr
Salada Ibéria,Continente,Unidade,emb. 150 gr
Chuchu,Continente,Quilo,Quant. Mínima = 760 gr (2 un)
Beringela,Continente,Quilo,Quant. Mínima = 400 gr (1 un)
Salada Camponesa,Continente,Unidade,emb. 250gr
Alface Iceberg,Continente,Quilo,Quant. Mínima = 600 gr (1 un)
Pimento Tricolor,Continente,Unidade,emb. 500 gr
Cebola,Continente,Unidade,emb. 2 kg
Feijão Verde,Continente,Unidade,emb. 500 gr
Feijão Verde Largo,Continente,Quilo,Quant. Mínima = 200 gr
Cebola Doce,Continente,Unidade,emb. 1 kg
Tomate Cherry Alongado,Tomaticious,Unidade,emb. 250 gr
Tomate Cherry Vermelho Ramo,Continente,Unidade,emb. 500 gr
Batata Vermelha,Continente,Unidade,emb. 5 kg
Agrião Baby,Continente,Unidade,emb. 150 gr
Bimi,Bimi,Unidade,emb. 200 gr
Pimento Verde,Continente,Quilo,Quant. Mínima = 700 gr (2 un)
Batata para Assar,Continente,Unidade,emb. 2 kg
Tomate Coração de Boi,Continente,Quilo,Quant. Mínima = 700 gr (2 un)
Beterraba sem Rama,Continente,Quilo,Quant. Mínima = 600 gr (2 un)
Salada Iceberg,Continente,Unidade,emb. 200 gr
Curgete Biológica,Continente Bio,Unidade,emb. 500 gr
Salada Gourmet,Continente,Unidade,emb. 175 gr
Aipo,Continente,Unidade,emb. 500 gr
Cebola Biológica,Continente Bio,Unidade,emb. 750 gr
Batata Especial Assar,Continente Seleção,Unidade,emb. 1 kg
Couve Branca Inteira,Continente,Quilo,Quant. Mínima = 2 kg (1 un)
Batata Especial Cozer,Continente,Unidade,emb. 3 kg
Cenoura Ripada,Continente,Unidade,emb. 200 gr
Caldo Verde,Continente,Unidade,emb. 250 gr
Batata Especial Assar,Continente,Unidade,emb. 500 gr
Batata Branca,Continente,Unidade,emb. 5 kg
Cogumelo Marron Laminado,Continente,Unidade,emb. 250 gr
Alho Francês,Continente,Unidade,emb. 700 gr
Cogumelo Portobello,Continente,Unidade,emb. 250 gr
Salada Lollo e Tango,Continente,Unidade,emb. 150 gr
Espargos Verdes,Continente,Unidade,emb. 250 gr
Tomate Cherry Sweet Vermelho,Continente,Unidade,emb. 250 gr
Alho Seco Biológico,Continente Bio,Unidade,emb. 150 gr
Canónigos,Continente,Unidade,emb. 125 gr
Alho Seco Morado,Continente,Unidade,emb. 200 gr
Gengibre,Continente,Quilo,Quant. Mínima = 400 gr (1 un)
Couve Lombarda/Saboia Inteira,Continente,Quilo,"Quant. Mínima = 1,3 kg (1 un)"
Mistura de Pimentos Doces,Continente,Unidade,emb. 200 gr
Espinafre,Vitacress,Unidade,emb. 300 gr
Alface Roxa,Continente,Unidade,emb. 200 gr
Metade Couve Coração,Continente,Quilo,1/2 Couve = 550 gr
Espinafre,Vitacress,Unidade,emb. 150 gr
Cebola Chalota,Continente,Unidade,emb. 250 gr
Metade Couve Branca,Continente,Quilo,1/2 Couve = 1 kg
Preparado para Sopa de Espinafres,ELS,Unidade,emb. 500 gr
Batata Doce,Continente,Unidade,emb. 1 kg
Salada Iceberg,Florette,Unidade,emb. 250 gr
Beterraba Cozida Inteira,Continente,Unidade,emb. 500 gr
Docinhas Cenoura Baby,Continente,Unidade,emb. 250 gr
Cebolinha Fresca,Continente,Unidade,emb. 125 gr
Batata Doce Polpa Laranja Biológica,Continente Bio,Unidade,emb. 1 kg
Cogumelo Pleurotus,Continente,Unidade,emb. 200 gr
Tomate Mini Chucha Sweet,Continente,Unidade,emb. 200 gr
Batata Biológica,Continente Bio,Unidade,emb. 1 kg
Batata para Fritar,Meléndez,Unidade,emb. 3 kg
Cenouras Baby,Snock,Unidade,emb. 125 gr
Cenouras Baby,Snock,Unidade,emb. 125 gr
Nabiça Baby,Continente,Unidade,emb. 150 gr
Batata,Princesa Amandine,Unidade,"emb. 1,5 kg"
Alho Francês Biológico,Continente Bio,Unidade,emb. 400 gr
Batata Especial Assar,Continente,Unidade,emb. 1 kg
Snack Mini Pepino,My Cubies,Unidade,emb. 250 gr
Couve Brócolo Biológico,My Cubies,Unidade,emb. 400 gr
Tomate Cacho Biológico,Continente Bio,Unidade,emb. 500 gr
Cogumelo Marron,Continente,Quilo,Quant. Mínima = 360 gr (6 un)
Rabanete,Continente,Unidade,emb. 200 gr
Couve Roxa Inteira,Continente,Quilo,"Quant. Mínima = 1,2 kg (1 un)"
Beterraba Cozida Inteira Biológica,Beterraba Bio,Unidade,emb. 450 gr
Sopa Portuguesa,Continente,Unidade,emb. 350 gr
Sopa Juliana,Continente,Unidade,emb. 450 gr
Pimento Padrão,Continente,Unidade,emb. 250 gr
Espinafre Biológico,Vitacress,Unidade,emb. 150 gr
Salada Ibérica,Vitacress,Unidade,emb. 150 gr
Tomate Tasty,Continente,Unidade,emb. 400 gr
Cebola Doce,Continente,Unidade,emb. 700 gr
Gengibre Biológico,Continente Bio,Unidade,emb. 300 gr
Cogumelo Shitake,Continente,Unidade,emb. 200 gr
Metade Couve Lombarda/Saboia,Continente,Quilo,1/2 Couve = 650 gr
Metade Couve Roxa,Continente,Quilo,1/2 Couve = 600 gr
Feijão Verde Redondo,Continente,Unidade,emb. 200 gr
Feijão Verde Redondo,Continente,Unidade,emb. 200 gr
Rúcula Selvagem,Vitacress,Unidade,emb. 50 gr
Beterraba Ripada,Continente,Unidade,emb. 200 gr
Cebola Roxa,Continente,Unidade,emb. 500 gr
Mandioca,Continente,Quilo,Quant. Mínima = 800 gr (1 un)
Salada da Terra,Vitacress,Unidade,emb. 150 gr
Malagueta Vermelha,Continente,Unidade,emb. 100 gr
Couve Roxa Ripada,Continente,Unidade,emb. 250 gr
Grelos de Nabo,Continente,Unidade,emb. 700 gr
Agrião,Vitacress,Unidade,emb. 125 gr
Nabiça,Continente,Unidade,emb. 700 gr
Espinafre Biológico,Continente Bio,Unidade,emb. 300 gr
Tomate Rosa,Tip Top,Quilo,Quant. Mínima = 250 gr (1 un)
Couve Branca Ripada,Continente,Unidade,emb. 200 gr
Cebola para assar,Continente,Unidade,emb. 500 gr
Ervilha Torta,Continente,Unidade,emb. 200 gr
Acelga,Vitacress,Unidade,emb. 100 gr
Cebola Roxa Biológica,Continente Bio,Unidade,emb. 500 gr
Inhame,Continente,Quilo,Quant. Mínima = 600 gr (3 un)
Rúcula Selvagem,Vitacress,Unidade,emb. 100 gr
Beringela Biológica,Continente Bio,Unidade,emb. 400 gr
Feijão Verde Cortado,Continente,Unidade,emb. 350 gr
Couve Chinesa,Continente,Quilo,Quant. Mínima = 600 gr (1 un)
Salada Selvagem,Continente Seleção,Unidade,emb. 150 gr
Preparado para Creme de Cenoura,Continente Fácil & Bom,Unidade,emb. 780 gr
Salada de Rúcula,Florette,Unidade,emb. 100 gr
Cogumelo Branco,Continente,Quilo,Quant. Mínima = 360 gr (6 un)
Mini Pimento Doce,Horta Sudoeste,Unidade,emb. 200 gr
Cogumelo Branco Biológico,Continente Bio,Unidade,emb. 200 gr
Salada Formosa,Vitacress,Unidade,emb. 150 gr
Salteado Crocante,Continente,Unidade,emb. 500 gr
Couve Coração Resíduo Zero,Hortapronta,Quilo,"emb. 1,1 kg (1 un)"
Maçaroca de Milho Doce Cozido Biológico,Ecoeduco,Unidade,emb. 400 gr
Espargos Finos,,Unidade,emb. 250 gr
Curcuma Biológica,Continente Bio,Unidade,emb. 125 gr
Alface Frisada Biológica,Continente Bio,Quilo,Quant. Mínima = 300 gr (1 un)
Grelo Couve,Continente,Unidade,emb. 700 gr
Couve Coração Biológica,Continente Bio,Unidade,emb. 700 gr
Salada Riva,Vitacress,Unidade,emb. 150 gr
Endívia,Continente,Unidade,emb. 450 gr
Salteado Oriental,Continente Fácil & Bom,Unidade,emb. 300 gr
Feijão Verde Biológico,Continente Bio,Unidade,emb. 300 gr
Creme Couve Flor Cenoura,Continente Fácil & Bom,Unidade,emb. 460 gr
Sopa Alho Francês com Cenoura,Continente,Unidade,emb. 350 gr
Mix de Legumes com Kale,Continente,Unidade,emb. 400 gr
Salada de Espinafre,Florette,Unidade,emb. 175 gr
Preparado de Sopa de Agrião,ELS,Unidade,emb. 500 gr
Aipo Biológico,Continente Bio,Unidade,emb. 350 gr
Alho Seco Descascado,ELS,Unidade,emb. 100 gr
Cheróvia Biológica,Continente Bio,Unidade,emb. 350 gr
Salada Ibérica Biológica,Vitacress,Unidade,emb. 100 gr
Couve Flor Biológica,Continente Bio,Unidade,emb. 500 gr
Sopa Feijão Verde com Cenoura,Continente,Unidade,emb. 400 gr
Salada Crocante,Vitacress,Unidade,emb. 250 gr
Rebentos de Feijão,ELS,Unidade,emb. 150 gr
Dips Cenoura,Dona Salada,Unidade,emb. 120 gr (8 un)
"Mix Cogumelo Branco, Marron, Pleurotus e Shimeji",Continente,Unidade,emb. 200 gr
Curgete Redonda,Continente,Quilo,Quant. Mínima = 400 gr (1 un)
Trio de Malaguetas,Continente,Unidade,emb. 100 gr
Couve Branca Biológica,Continente Bio,Unidade,emb. 700 gr
Salada Sublime,Continente Seleção,Unidade,emb. 150 gr
"Fusilli com Legumes, Molho de Tomate e Frango",Cozinha Continente,Unidade,emb. 320 gr
Edamame,Sonatural,Unidade,emb. 135 gr
Cogumelo Pleurothus Biológico,Continente Bio,Unidade,emb. 150 gr
Creme Batata Doce e Espinafres,Continente Fácil & Bom,Unidade,emb. 450 gr
Salada Aromática Bio,Vitacress,Unidade,emb. 100 gr
Croutons Alho e Ervas,Florette,Unidade,emb. 70 gr
Pimento Biológico,Continente Bio,Unidade,emb. 300 gr
Cogumelo Eringi Baby,Continente,Unidade,emb. 200 gr
Pimento Assado às Tiras Biológico,Continente Bio,Unidade,emb. 250 gr
Cogumelo Shimeji Inteiro,Continente,Unidade,emb. 150 gr
Dips Pepino,Dona Salada,Unidade,emb. 120 gr
Salada Campestre,Continente Seleção,Unidade,emb. 150 gr
Molho Iogurte,Vitacress,Unidade,emb. 200 ml
Tomate Raf,Continente,Quilo,Quant. Mínima = 740 gr (2 un)
Salada Toscana,Florette,Unidade,emb. 250 gr
Acelga Biológica,Continente Bio,Unidade,emb. 500 gr
Cebola Frita,Florette,Unidade,emb. 70 gr
Couve Kale Biológica,Continente Bio,Unidade,emb. 300 gr
Beringela Japonesa,Continente Bio,Unidade,emb. 300 gr
Couve Portuguesa Biológica,Continente Bio,Quilo,emb. 550 gr
Salada Antiox,Florette,Unidade,emb. 100 gr
Rúcula Selvagem Biológica,Vitacress,Unidade,emb. 70 gr
Cebola Branca,Continente,Unidade,emb. 500 gr
Algas Kombu Biológicas,Wissi,Unidade,emb. 30 gr
Molho Vinagrete,Vitacress,Unidade,emb. 200 ml
Floreto de Couve Flor,Continente,Unidade,emb. 500 gr
Pimento Misto Tiras,Continente,Unidade,emb. 260 gr
Cogumelo Shitake Biológico,Continente Bio,Unidade,emb. 115 gr
Beringela Raiada Roxa,Continente,Quilo,Quant. Mínima = 330 gr (1 un)
Cogumelo Marron Biológico,Continente Bio,Unidade,emb. 150 gr
Espalmados de Cogumelos,Continente Bio,Unidade,emb. 400 gr (4 un)
Cebolinha Francesa,Continente,Unidade,emb. 500 gr
Espalmados de Brócolos,Continente,Unidade,emb. 400 gr (4 un)
Cogumelo Enoki,Continente,Unidade,emb. 100 gr
Espalmados de Cenoura,Continente,Unidade,emb. 400 gr (4 un)
Tomate Frito,Heinz,Unidade,emb. 350 gr
Maionese sem Glúten,Hellmann's,Unidade,emb. 270 gr
Polpa de Tomate,Compal da Horta,Unidade,emb. 3 x 210 gr
Sal Marinho Tradicional,Marnoto,Unidade,emb. 1 kg
Molho Basílico em Vidro sem Glúten,Barilla,Unidade,emb. 400 ml
Polpa de Tomate,Guloso,Unidade,emb. 3 x 210 gr
Tomate em Pedaços,Continente,Unidade,emb. 390 gr
Esparguete com Molho Pesto Alla Genovese,Continente,Unidade,emb. 390 gr
Polpa de Tomate,Continente,Unidade,emb. 500 gr
Polpa de Tomate,Continente,Unidade,emb. 1 kg
Molho Pesto Alla Genovese,Barilla,Unidade,emb. 190 gr
Tomate Triturado,Continente,Unidade,emb. 390 gr
Tomate Pelado em Pedaços,Guloso,Unidade,emb. 390 gr
Alho Moído em Saqueta,Continente,Unidade,emb. 60 gr
Leite de Coco,Continente,Unidade,emb. 400 ml
Polpa de Tomate,Compal da Horta,Unidade,emb. 500 gr
Tomate Pelado,Continente,Unidade,emb. 390 gr (peso escorrido 240 gr)
Maionese,Hellmann's,Unidade,emb. 416 gr
Polpa de Tomate,Continente,Unidade,emb. 3 x 210 gr
Ketchup Top Down,Heinz,Unidade,emb. 460 gr
Tomate Pelado,Continente,Unidade,emb. 780 gr (peso escorrido 480 gr)
Tomate Pelado Inteiro,Guloso,Unidade,emb. 390 gr
Sal Grosso,Continente,Unidade,emb. 1 kg
Maionese em Vidro,Heinz,Unidade,emb. 480 ml
Tomate Triturado,Mutti,Unidade,emb. 400 gr
Maionese Top Down sem Glúten,Hellmann's,Unidade,emb. 412 gr
Pimenta para Bifes com Moínho em Frasco,Margão,Unidade,emb. 35 gr
Caldo de Galinha Cubos,Knorr,Unidade,emb. 24 un
Alho Picado Saqueta,Margão,Unidade,emb. 40 gr
Tomate Pelado Inteiro,Continente Bio,Unidade,emb. 400 gr (peso escorrido 240 gr)
Polpa Tomate em Cubos,Valfrutta,Unidade,emb. 400 gr
Alho Moído em Frasco,Continente,Unidade,emb. 55 gr
Maionese XXL Top Down,Calvé,Unidade,emb. 754 gr
Sal Rosa Puro dos Himalaias com Moinho,Ktc,Unidade,emb. 110 gr
Polpa de Tomate com Manjericão e Oregãos,Continente,Unidade,emb. 500 gr
Tomate Pelado Inteiro,Mutti,Unidade,emb. 400 gr (peso escorrido 260 gr)
Tomate Seco em Óleo,Ponti,Unidade,emb. 335 gr (peso escorrido 280 gr)
Tomate Concentrado,Compal da Horta,Unidade,emb. 140 gr
Polpa de Tomate com Cebola e Alho,Continente,Unidade,emb. 500 gr
Noz Moscada Moída,Margão,Unidade,emb. 45 gr
Sal Marinho Grosso,Vatel,Unidade,emb. 1 kg
Tomate em Pedaços com Manjericão e Oregãos,Continente,Unidade,emb. 390 gr (peso escorrido 240 gr)
Flor de Sal,Marnoto,Unidade,emb. 250 gr
Polpa de Tomate com Cebola e Alho,Compal da Horta,Unidade,emb. 500 gr
Mostarda Top Down,Calvé,Unidade,emb. 257 gr
Canela em Pau em Saqueta,Continente,Unidade,emb. 80 gr
Tomate Triturado,Compal da Horta,Unidade,emb. 500 gr
Maionese Top Down sem Glúten,Continente,Unidade,emb. 500 ml
Orégãos Folha em Saqueta,Margão,Unidade,emb. 18 gr
Maionese Top Down,Calvé,Unidade,emb. 240 gr
Molho Piri-piri sem Glúten,Ferbar,Unidade,emb. 195 ml
Ketchup Top Down sem Glúten,Calvé,Unidade,emb. 550 gr
Flor de Sal,Vatel,Unidade,emb. 175 gr
Alho Moído em Saqueta,Margão,Unidade,emb. 80 gr
Molho Pesto sem Glúten,Continente,Unidade,emb. 190 gr
Polpa de Tomate,Compal da Horta,Unidade,emb. 1 kg
Manjericão em Saqueta,Margão,Unidade,emb. 11 gr
Molho de Soja com Menos Sal,Kikkoman,Unidade,emb. 150 ml
Sal Marinho Grosso,Continente,Unidade,emb. 1 kg
Molho Bolonhesa,Continente,Unidade,emb. 420 gr
Tomate Triturado,Origens Bio,Unidade,emb. 400 gr
Ketchup Top Down sem Glúten,Heinz,Unidade,emb. 250 gr
Molho de Soja,Continente,Unidade,emb. 200 ml
Salsa Folhas,Margão,Unidade,emb. 7 gr
Ketchup com Redução de Sal Top Down,Heinz,Unidade,emb. 550 gr
Sal Fino,Vatel,Unidade,emb. 250 gr
Molho para Massa Bolonhesa,Barilla,Unidade,emb. 400 gr
Flor de Sal,Vatel,Unidade,emb. 600 gr
Mostarda Dijon Frasco,Savora,Unidade,emb. 190 gr
Polpa Tomate Passata,Valfrutta,Unidade,emb. 700 gr
Molho Whisky Cocktail,Calvé,Unidade,emb. 250 ml
Canela em Pau em Frasco,Margão,Unidade,emb. 120 gr
Orégãos Folha em Frasco,Margão,Unidade,emb. 8 gr
Maionese,Hellmann's,Unidade,emb. 208 gr
"Polpa de Tomate, Tomilho e Alecrim",Guloso,Unidade,emb. 500 gr
Polpa de Tomate com Manjericão,Mutti,Unidade,emb. 400 gr
Massa de Pimentão sem Glúten,Continente,Unidade,emb. 400 gr
Ketchup Top Down sem Glúten,Heinz,Unidade,emb. 700 gr
Tomate Frito,Guloso,Unidade,emb. 210 gr
Mostarda Top Down,Savora,Unidade,emb.230 gr
Pimentão Doce em Saqueta,Continente,Unidade,emb. 50 gr
Maionese Magra,Hellmann's,Unidade,emb. 251 gr
Massa de Alho sem Glúten,Continente,Unidade,emb. 400 gr
Pimenta Preta em Grão em Saqueta,Continente,Unidade,emb. 50 gr
Molho para Massa Napolitana sem Glúten,Barilla,Unidade,emb. 400 ml
Mistura de Pimenta e Especiarias 5 Bagas com Moinho em Frasco,Margão,Unidade,emb. 24 gr
Ketchup Top Down sem Glúten,Calvé,Unidade,emb. 275 gr
Leite de Coco,Ayam,Unidade,emb. 200 ml
Pimenta Preta em Grão Saqueta,Margão,Unidade,emb. 35 gr
Sal Marinho Grosso,Ibersal,Unidade,emb. 1 kg
Maionese em Vidro sem Glúten,Continente,Unidade,emb. 419 gr
Polpa de Tomate com Alho,Mutti,Unidade,emb. 400 gr
Canela Moída em Saqueta,Continente,Unidade,emb. 100 gr
Orégãos Folha em Saqueta,Continente,Unidade,emb. 10 gr
Polpa Tomate,Guloso,Unidade,emb. 500 ml
Ketchup Top Down sem Glúten,Continente,Unidade,emb. 540 gr
Pimenta Branca com Moínho em Frasco,Continente,Unidade,emb. 37 gr
Pimentão Doce (Colorau) em Saqueta,Margão,Unidade,emb. 60 gr
Alho e Ervas Aromáticas em Frasco,Margão,Unidade,emb. 40 gr
Tomate para Pizza,Mutti,Unidade,emb. 400 gr
Cebolinho,Margão,Unidade,emb. 4 gr
Maionese com Cebola Caramelizada e Alho Top Down,Heinz,Unidade,emb. 400 ml
Sal Marinho Iodado,Continente,Unidade,emb. 1 kg
Molho Basílico,Continente,Unidade,emb. 420 gr
Manjericão,Margão,Unidade,emb. 11 gr
Ketchup Familiar,Calvé,Unidade,emb. 840 gr
Maionese com Flor de Sal em Vidro,Vianeza,Unidade,emb. 450 ml
Noz Moscada em Grão em Saqueta,Margão,Unidade,emb. 70 gr
Passata de Tomate com Manjerição e Oregãos,Guloso,Unidade,emb. 210 gr
Orégãos Folha em Frasco,Continente,Unidade,emb. 11 gr
Maionese em Vidro sem Glúten,Hellmann's,Unidade,emb. 763 gr
Louro Folha em Saqueta,Continente,Unidade,emb. 10 gr
Pimentão Doce em Frasco,Continente,Unidade,emb. 45 gr
Passata de Tomate,Mutti,Unidade,emb. 400 gr
Polpa de Tomate,Guloso,Unidade,emb. 1 kg
Ketchup à Portuguesa Top Down sem Glúten,Paladin,Unidade,emb. 450 gr
Alho Moído em Frasco,Margão,Unidade,emb. 50 gr
Alho Moído,Margão,Unidade,emb. 52 gr
Pimenta Preta com Moínho em Frasco,Continente,Unidade,emb. 45 gr
Pimenta Preta com Moínho em Frasco,Margão,Unidade,emb. 35 gr
Tomate Triturado,Continente,Unidade,emb. 500 gr
Alecrim Folha em Frasco,Margão,Unidade,emb. 27 gr
Tempero Sumo de Limão,Continente,Unidade,emb. 200 ml
Caril Madras em Frasco,Margão,Unidade,emb. 45 gr
Tomate em Pedaços com Manjericão e Orégãos,Guloso,Unidade,emb. 390 gr
Maionese Top Down,Heinz,Unidade,emb. 400 ml
Maionese em Frasco,Heinz,Unidade,emb. 240 ml
Mostarda com Mel,Paladin,Unidade,emb. 250 gr
Noz Moscada Moída em Frasco,Margão,Unidade,emb. 32 gr
Maionese Top Down,Heinz,Unidade,emb. 200 ml
Leite de Coco,Koala,Unidade,emb. 400 ml
Gengibre Moído em Frasco,Margão,Unidade,emb. 26 gr
Maionese Leve Top Down,Continente,Unidade,emb. 470 gr
Leite de Coco,Tai,Unidade,emb. 400 ml
Pimenta Branca Moída em Saqueta,Continente,Unidade,emb. 50 gr
Molho Cocktail Picante Top Down,Paladin,Unidade,emb. 275 ml
Mostarda Dijon com Mel em Vidro,Maille,Unidade,emb. 230 gr
Polpa de Tomate,Guloso,Unidade,emb. 210 gr
Mostarda Original Frasco,Savora,Unidade,emb. 190 gr
Alho Moído Saqueta,Margão,Unidade,emb. 40 gr
Caldo de Legumes Natura sem Glúten,Knorr,Unidade,emb. 4 un
Molho de Alho,Calvé,Unidade,emb. 250 ml
Tempero de Alho e Coentros Cubos,Knorr,Unidade,emb. 8 un
Ervas Finas em Frasco,Margão,Unidade,emb. 6 gr
Cebola Frita Cup,Continente,Unidade,emb. 150 gr
Mostarda,Continente,Unidade,emb. 250 gr
Manjericão Folha em Frasco,Continente,Unidade,emb. 12 gr
Mistura de Alho e Salsa em Frasco,Margão,Unidade,emb. 43 gr
Paprika Saqueta,Margão,Unidade,emb. 35 gr
Molho Barbecue Sweet Top Down,Heinz,Unidade,emb. 490 gr
Caldo de Carne Cubos,Continente,Unidade,emb. 24 un
Piripiri Grão,Margão,Unidade,emb. 10 gr
Noz Moscada Moída em Frasco,Continente,Unidade,emb. 45 gr
Massa de Alho sem Glúten,Continente,Unidade,emb. 200 gr
Canela em Pau em Saqueta,Margão,Unidade,emb. 30 gr
Caldo de Galinha Cubos,Continente,Unidade,emb. 24 un
Molho Picante Jalapenho sem Glúten,Tabasco,Unidade,emb. 57 ml
Molho Inglês,Continente,Unidade,emb. 200 ml
Massa de Pimentão sem Glúten,Continente,Unidade,emb. 200 gr
Mistura de Limão e Tomilho em Frasco,Margão,Unidade,emb. 43 gr
Sal Grosso,Vatel,Unidade,emb. 800 gr
Gengibre e Alho Pasta em Vidro sem Glúten,Ktc,Unidade,emb. 210 gr
Louro Folha em Saqueta,Margão,Unidade,emb. 7 gr
Maionese Magra,Hellmann's,Unidade,emb. 459 gr
Orégãos Folha em Frasco,Margão,Unidade,emb. 10 gr
Mostarda em Grãos L'Ancienne em Vidro,Continente Seleção,Unidade,emb. 190 gr
Maionese Magra em Vidro,Heinz,Unidade,emb. 480 gr
Caldo para Arroz Cubos,Knorr,Unidade,emb. 24 un
Sal Rosa dos Himalaias Grosso,Origens Bio,Unidade,emb. 1 kg
Tomilho Folhas Saqueta,Margão,Unidade,emb. 11 gr
Salsa Folha em Frasco,Continente,Unidade,emb. 13 gr
Cominhos Moídos em Saqueta,Margão,Unidade,emb. 50 gr
Canela Moída Saqueta,Margão,Unidade,emb. 60 gr
Tomate em Pedaços com Cebola e Alho,Guloso,Unidade,emb. 390 gr
Flor de Sal,Continente,Unidade,emb. 150 gr
Mostarda Top Down,Paladin,Unidade,emb. 250 gr
Mostarda Dijon Original em Vidro,Maille,Unidade,emb. 215 gr
Canela Moída,Margão,Unidade,emb. 27 gr
Molho Teriyaki Marinada,Kikkoman,Unidade,emb. 250 ml
Moinho Pimentas do Chefe em Frasco,Margão,Unidade,emb. 34 gr
Paprika em Frasco,Margão,Unidade,emb. 40 gr
Piri-piri Grão em Saqueta,Continente,Unidade,emb. 20 gr
Gengibre Moído em Frasco,Continente,Unidade,emb. 26 gr
Coentros Moídos em Saqueta,Margão,Unidade,emb. 40 gr
Leite de Coco Light,Origens Bio,Unidade,emb. 400 ml
Alho Picado em Frasco,Continente,Unidade,emb. 55 gr
Sal Marinho Iodado,Vatel,Unidade,emb. 1 kg
Maionese sem Glúten,Continente,Unidade,emb. 250 ml
Alho Triturado com Moinho em Frasco,Margão,Unidade,emb. 40 gr
Ketchup Hot Chili Top Down sem Glúten,Heinz,Unidade,emb. 460 gr
Cominhos Moídos,Margão,Unidade,emb. 22 gr
Molho Napolitano,Continente,Unidade,emb. 420 gr
Tomilho Folha em Frasco,Continente,Unidade,emb. 20 gr
Mostarda L'Ancienne em Vidro,Maille,Unidade,emb. 210 gr
Mostarda Dijon em Vidro sem Glúten,Continente,Unidade,emb. 200 gr
Maionese Leve em Vidro,Continente,Unidade,emb. 437 gr
Sal Fino,Continente,Unidade,emb. 250 gr
Alecrim Folha em Frasco,Continente,Unidade,emb. 23 gr
Molho Cocktail Top Down,Calvé,Unidade,emb. 253 gr
Ervas de Provence em Saqueta,Margão,Unidade,emb. 25 gr
Canela Moída em Frasco,Continente,Unidade,emb. 40 gr
Maionese Magra Top Down sem Glúten,Calvé,Unidade,emb. 447 gr
Molho Picante sem Glúten,Tabasco,Unidade,emb. 60 ml
Molho de Alho e Ervas Top Down,Continente,Unidade,emb. 285 ml
Leite de Coco,Koala,Unidade,emb. 165 ml
Molho de Soja Premium,Lee Kum Kee,Unidade,emb. 150 ml
Molho de Mostarda e Mel,Continente,Unidade,emb. 285 ml
Alho Picado em Frasco,Margão,Unidade,emb. 60 gr
Caldo de Galinha Cubos,Knorr,Unidade,emb. 36 un
Polpa Tomate,Continente,Unidade,emb. 210 gr
Paprika Fumada Saqueta,Margão,Unidade,emb. 35 gr
Molho Arrabbiata,Barilla,Unidade,emb. 400 gr
Molho 3 Pimentas Top Down,Heinz,Unidade,emb. 220 ml
Molho Chutney de Manga Doce em Vidro,Khanum,Unidade,emb. 350 gr
Molho de Soja,Kikkoman,Unidade,emb. 150 ml
Caldo de Legumes Cubos sem Glúten,Continente,Unidade,emb. 12 un
Tomate Triturado,Guloso,Unidade,emb. 500 gr
Molho de Francesinha Picante,Continente,Unidade,emb. 500 gr
Mostarda Mix Top Down,Continente,Unidade,emb. 250 gr
Pimenta Preta Moída Saqueta,Margão,Unidade,emb. 35 gr
Tomate em Pedaços,Continente,Unidade,emb. 380 gr
Molho Guacamole,Mexifoods,Unidade,emb. 330 gr
Tempero de Pimentão Doce e Louro em Frasco,Continente Seleção,Unidade,emb. 35 gr
Molho Mad Chips Top Down,Calvé,Unidade,emb. 256 gr
Maionese Top Down,Hellmann's,Unidade,emb. 238 gr
Molho de Alho Top Down,Heinz,Unidade,emb. 225 gr
Molho Barbecue Clássico Top Down,Heinz,Unidade,emb. 480 gr
Sal Rosa dos Himalaias com Moinho,Margão,Unidade,emb. 90 gr
Coentros Folha em Frasco,Continente,Unidade,emb. 7 gr
Caldo de Carne Cubos sem Glúten,Knorr,Unidade,emb. 24 un
Polpa de Tomate com Manjericão e Oregãos,Guloso,Unidade,emb. 500 gr
Maionese com Azeite em Vidro,Vianeza,Unidade,emb. 450 ml
Molho Suculento Frango no Forno à Provençal com Ervas Aromáticas em Saqueta,Maggi,Unidade,emb. 28 gr
Erva Doce Grão em Frasco,Continente,Unidade,emb. 35 gr
Sal Marinho Tradicional com Moinho,Vatel,Unidade,emb. 75 gr
Molho Cocktail Top Down,Continente,Unidade,emb. 285 ml
Cebolinho Folha em Frasco,Continente,Unidade,emb. 8 gr
Alho Fumado em Frasco,Margão,Unidade,emb. 48 gr
Ervas de Provence em Frasco,Continente,Unidade,emb. 15 gr
Sal Marinho Fino,Ibersal,Unidade,emb. 250 gr
Cominhos Moídos em Frasco,Continente,Unidade,emb. 45 gr
Caril em Frasco,Continente,Unidade,emb. 45 gr
Tempero de Lima,Polenghi,Unidade,emb. 125 ml
Mistura de Ervas Aromáticas para Saladas em Saqueta,Margão,Unidade,emb. 30 gr
Caldo de Legumes Cubos sem Glúten,Knorr,Unidade,emb. 8 un
Ketchup Top Down sem Glúten,Paladin,Unidade,emb. 250 gr
Sal Rosa dos Himalaias Fino,Origens Bio,Unidade,emb. 500 gr
Pimentão Doce (Colorau) em Saqueta,Margão,Unidade,emb. 35 gr
Segredos Bifes em Saquetas,Margão,Unidade,emb. 16 gr
Tempero Esparguete à Carbonara em Saqueta,Knorr,Unidade,emb. 36 gr
Polpa de Tomate,Guloso,Unidade,emb. 500 gr
Caldo de Galinha Cubos,Knorr,Unidade,emb. 24 un
Alho Picado em Saqueta,Continente,Unidade,emb. 55 gr
Bicarbonato de Sódio Alimentar,Continente,Unidade,emb. 250 gr
Ketchup Pure 100% sem Glúten,Hellmann's,Unidade,emb. 468 gr
Caril Squeta,Margão,Unidade,emb. 35 gr
Molho Piri-piri Extra Forte Sacana,Paladin,Unidade,emb. 75 ml
Molho Piri-Piri com Azeite,Gallo,Unidade,emb. 50 ml
Molho de Soja sem Glúten,Kikkoman,Unidade,emb. 150 ml
Pimentão Doce em Frasco,Margão,Unidade,emb. 40 gr
Leite de Coco Light,Koala,Unidade,emb. 165 ml
Tempero Sumo de Limão,Polenghi,Unidade,emb. 200 ml
Canela Moída em Saqueta,Continente,Unidade,emb. 45 gr
Molho Piri-piri Clássico sem Glúten,Continente,Unidade,emb. 50 ml
Noz Moscada com Moinho em Frasco,Margão,Unidade,emb. 30 gr
Molho Chutney de Manga Doce em Vidro,Patak's,Unidade,emb. 340 gr
Caril em Frasco,Margão,Unidade,emb. 42 gr
Caldo de Galinha Cubos,Continente,Unidade,emb. 12 un
Mistura de Ervas Italianas,Margão,Unidade,emb. 11 gr
Salsa Folha em Saqueta,Continente,Unidade,emb. 10 gr
Sal Marinho Tradicional,Vatel,Unidade,emb. 1 kg
Molho de Alho Frito,Paladin,Unidade,emb. 250 ml
Leite de Coco,Ayam,Unidade,emb. 330 ml
Mistura de Pimentas em Grão em Saqueta,Margão,Unidade,emb. 25 gr
Molho Suculento Frango Campestre no Forno com Alho e Cebola em Saqueta,Maggi,Unidade,emb. 30 gr
Especiarias de Itália em Frasco sem Glúten,Margão,Unidade,emb. 30 gr
Molho Chutney de Manga e Gengibre em Vidro sem Glúten,Khanum,Unidade,emb. 350 gr
Tempero de Cebola e Alho em Frasco,Continente Seleção,Unidade,emb. 40 gr
Gengibre em Pasta sem Glúten,Ktc,Unidade,emb. 210 gr
Pimenta Cayenne Moída em Saqueta,Margão,Unidade,emb. 35 gr
Molho Salsa Mexicana,Old El Paso,Unidade,emb. 190 gr
Pimenta Preta Moída Lampong em Frasco,Margão,Unidade,emb. 35 gr
Especiarias do México em Frasco,Margão,Unidade,emb. 40 gr
Molho Burger Top Down,Calvé,Unidade,emb. 260 gr
Molho Suave Dippea Hasta El Final,Doritos,Unidade,emb. 280 gr
Maionese,Vianeza,Unidade,emb. 750 ml
Molho de Azeitonas e Oregãos,Continente,Unidade,emb. 250 ml
Massa de Tempero de Vinha de Alho sem Glúten,Continente,Unidade,emb. 200 gr
Erva Doce Moída em Saqueta,Margão,Unidade,emb. 25 gr
Piri-piri Moído em Frasco,Continente,Unidade,emb. 41 gr
Maionese Top Down,Paladin,Unidade,emb. 225 ml
Molho Salsa Guacamole,Old El Paso,Unidade,emb. 195 gr
Molho Vinagrete,Continente,Unidade,emb. 245 ml
Caril Tandoori em Frasco,Margão,Unidade,emb. 37 gr
Pimenta Preta Moída em Saqueta,Continente,Unidade,emb. 50 gr
Caldo para Massa Cubos,Knorr,Unidade,emb. 8 un
Mistura de Condimentos para Fajitas sem Glúten,Old El Paso,Unidade,emb. 30 gr
Caldo de Galinha Cubos,Knorr,Unidade,emb. 16 un
Sal Marinho Especial para Grelhados,Vatel,Unidade,emb. 750 gr
Sal Rosa dos Himalaias Fino,Origens Bio,Unidade,emb. 1 kg
Canela Moída em Frasco,Margão,Unidade,emb. 39 gr
Molho Sweet Chili,Blue Dragon,Unidade,emb. 190 ml
Molho de Iogurte e Hortelã,Paladin,Unidade,emb. 250 ml
Molho de Coentros e Alho,Paladin,Unidade,emb. 250 ml
Bicarbonato de Sódio Alimentar em Saqueta,Margão,Unidade,emb. 80 gr
Molho Piri-piri,Calvé,Unidade,emb. 50 ml
Molho de Tomate e Ricotta sem Glúten,Barilla,Unidade,emb. 400 gr
Tempero de Alho e Pimentão em Frasco,Continente Seleção,Unidade,emb. 50 gr
Pimenta Branca Moída,Margão,Unidade,emb. 35 gr
Molho Piri-piri sem Glúten,Jerónimos,Unidade,emb. 180 ml
Pimentão Doce Fumado em Frasco,Continente,Unidade,emb. 45 gr
Canela em Pau em Frasco,Continente,Unidade,emb. 17 gr
Ketchup Top Down sem Glúten,Calvé,Unidade,emb. 268 gr
Molho para Bifana com Mostarda,Calvé,Unidade,emb. 260 gr
Piri-Piri Japaleno em Frasco,Margão,Unidade,emb. 26 gr
Molho de Caril e Manga Top Down,Heinz,Unidade,emb. 225 gr
Piripiri Moído,Margão,Unidade,emb. 35 gr
Bicarbonato de Sódio Alimentar,Vatel,Unidade,emb. 400 gr
Pimenta Preta Moída em Frasco,Continente,Unidade,emb. 48 gr
Mostarda Mel Top Down,Heinz,Unidade,emb. 220 ml
Caldo para Arroz Cubos,Continente,Unidade,emb. 12 un
Molho de Alho Fresco Top Down,Continente,Unidade,emb. 250 ml
Sal Fino Iodado,Vatel,Unidade,emb. 250 gr
Sal Rosa dos Himalaias Fino,Vatel,Unidade,emb. 500 gr
Sal Marinho Especial Saladas,Vatel,Unidade,emb. 250 gr
Tempero Lasanha em Saqueta,Knorr,Unidade,emb. 4 un
Molho Teriyaki Barbecue com Mel,Kikkoman,Unidade,emb. 250 ml
Tempero para Frango de Ervas Aromáticas,Continente,Unidade,emb. 34 gr
Caldo de Carne Cubos,Continente,Unidade,emb. 12 un
Molho de Iogurte Top Down,Continente,Unidade,emb. 275 ml
Molho Piri-piri,Continente,Unidade,emb. 200 ml
Tempero Sumo de Limão,Cristal,Unidade,emb. 500 ml
Polta Tomate,,Unidade,emb. 210 gr
Molho Barbecue Top Down,Continente,Unidade,emb. 320 gr
Pimentão Doce,Margão,Unidade,emb. 44 gr
Molho Batatas Fritas Top Down,Paladin,Unidade,emb. 275 ml
Polpa de Tomate e Coentros,Guloso,Unidade,emb. 500 gr
Molho Iogurte,Paladin,Unidade,emb. 250 ml
Molho Tempero Líquido 100% Vegetal,Maggi,Unidade,emb. 125 gr
Molho Inglês,Savora,Unidade,emb. 120 ml
Pimenta Preta Moída,Margão,Unidade,emb. 43 gr
Molho Tikka Masala,Patak's,Unidade,emb. 450 gr
Caldo de Marisco Cubos sem Glúten,Continente,Unidade,emb. 12 un
Caldo de Galinha Natura,Knorr,Unidade,emb. 4 un
Segredos Saladas,Margão,Unidade,emb. 10 gr
Molho de Francesinha Picante,Dom Duarte,Unidade,emb. 500 gr
Curcuma,Margão,Unidade,emb. 42 gr
Salsa Folha em Saqueta,Margão,Unidade,emb. 6 gr
Leite de Coco,Origens Bio,Unidade,emb. 400 ml
Polpa de Tomate com Cebola e Alho,Guloso,Unidade,emb. 500 gr
Sal Rosa dos Himalaias Grosso,Origens Bio,Unidade,emb. 500 gr
Tomate Seco em Saco,Ponti,Unidade,emb. 100 gr
Molho Piri-piri Extra Audaz,Oliveira da Serra,Unidade,emb. 50 ml
Mistura de Pimentas em Grão com Moinho em Frasco,Continente,Unidade,emb. 40 gr
Mostarda com Vinagre Balsâmico de Modena e Figo,Continente Seleção,Unidade,emb. 140 ml
Especiarias para Peixe em Frasco,Margão,Unidade,emb. 127 gr
Pimenta Branca Moída em Frasco,Continente,Unidade,emb. 43 gr
Louro Moído em Frasco,Margão,Unidade,emb. 24 gr
Açafrão da Índia em Saqueta,Continente,Unidade,emb. 45 gr
Molho Caesar Top Down,Continente,Unidade,emb. 275 ml
Mistura de Pimentas em Grão em Saqueta,Continente,Unidade,emb. 45 gr
Molho de Francesinha,Continente,Unidade,emb. 500 gr
Molho Suculento Entrecosto no Forno com Alho e Pimentão Doce em Saqueta,Maggi,Unidade,emb. 30 gr
Açafrão das Índias em Frasco,Margão,Unidade,emb. 37 gr
Molho para Fajitas sem Glúten,Old El Paso,Unidade,emb. 395 gr
Orégãos Folha em Saqueta,Margão,Unidade,emb. 8 gr
Molho Pesto Rosso sem Glúten,Ponti,Unidade,emb. 135 gr
Sal Fino com Menos 33% Sódio,Vatel,Unidade,emb. 250 gr
Maionese com Wasabi,Continente Seleção,Unidade,emb. 140 gml
Tempero para Frango sem Glúten,Continente,Unidade,emb. 200 gr
Flor de Sal,Casa Pontinha,Unidade,emb. 180 gr
Tahini Natural,Al'Fez,Unidade,emb. 160 gr
Pimenta Rosa em Grão em Saqueta,Margão,Unidade,emb. 20 gr
Molho Teriyaki,Miyata,Unidade,emb. 150 ml
Sal Branco do Mediterrâneo com Moínho,Margão,Unidade,emb. 90 gr
Especiarias Orientais em Frasco,Margão,Unidade,emb. 32 gr
Pimenta Cayenne com Moinho em Frasco,Margão,Unidade,emb. 24 gr
Molho de Soja Sushi e Sashimi,Kikkoman,Unidade,emb. 250 ml
Especiarias para Frango no Forno em Frasco,Margão,Unidade,emb. 73 gr
Maionese Top Down,Calvé,Unidade,emb. 250 gr
Especiarias para Aves em Frasco,Margão,Unidade,emb. 140 gr
Molho para Massa de Pimento sem Glúten,Casa Pontinha,Unidade,emb. 200 gr
Caldo de Galinha Cubos,Knorr,Unidade,emb. 8 un
Piri-piri Moído em Saqueta,Continente,Unidade,emb. 50 gr
Especiarias para Massas em Frasco,Margão,Unidade,emb. 332 gr
Piri-piri Malagueta Moída em Frasco,Margão,Unidade,emb. 38 gr
Mostarda em Grão em Frasco,Margão,Unidade,emb. 48 gr
Leite de Coco 17% Gordura,Salutem,Unidade,emb. 400 ml
Molho HP The Original,Squeezy,Unidade,emb. 225 gr
Molho Piri-piri com Alho e Louro sem Glúten,Paladin,Unidade,emb. 75 ml
Pimenta Branca Moída em Saqueta,Margão,Unidade,emb. 70 gr
Escama de Sal,Continente Seleção,Unidade,emb. 90 gr
Molho Suculento Frango no Forno Barbecue em Saqueta,Maggi,Unidade,emb. 32 gr
Molho Sriracha sem Glúten,Paladin,Unidade,emb. 250 ml
Molho Korma,Patak's,Unidade,emb. 450 gr
Gengibre Branco Moído,Margão,Unidade,emb. 22 gr
Molho de Soja,Paladin,Unidade,emb. 200 ml
Molho Pizza Top Down sem Glúten,Guloso,Unidade,emb. 440 gr
Tempero para Frango de Alho e Cebola,Continente,Unidade,emb. 36 gr
Molho Cervejeira Cubos,Knorr,Unidade,emb. 8 un
Caldo de Galinha Cubos menos 30% Sal,Knorr,Unidade,emb. 8 un
Caril,Margão,Unidade,emb. 36 gr
Caldo de Marisco Cubos,Knorr,Unidade,emb. 8 un
Cebolinho em Frasco,Margão,Unidade,emb. 25 gr
Maionese Trufas,Heinz,Unidade,emb. 220 ml
Pimenta Rosa para Gin,Mix,Unidade,emb. 20 gr
Molho Cocktail Top Down,Heinz,Unidade,emb. 225 ml
Molho Indiano Butter Chicken,Patak's,Unidade,emb.450 gr
Cravinho Moído em Saqueta,Margão,Unidade,emb. 40 gr
Molho de Coentros e Alho Top Down,Continente,Unidade,emb. 250 ml
Bagas de Zimbro em Frasco,Margão,Unidade,emb. 28 gr
Maionese Yofresh,Hellmann's,Unidade,emb. 433 gr
Segredos Aves,Margão,Unidade,emb. 16 gr
Molho de Soja,Blue Dragon,Unidade,emb. 150 ml
Sementes de Cardamomo para Gin,Mix,Unidade,emb. 25 gr
Estragão Folha em Frasco,Margão,Unidade,emb. 5 gr
"Tempero de Alho, Pimentão e Louro Cubos",Knorr,Unidade,emb. 8 un
Caldo para Esparguete à Bolonhesa em Saqueta,Knorr,Unidade,emb. 4 un
Molho Agridoce,Paladin,Unidade,emb. 250 ml
Segredos Provençais,Margão,Unidade,emb. 39 gr
Pasta Harissa,Al'Fez,Unidade,emb. 100 gr
Molho de Soja,Heinz,Unidade,emb. 150 ml
Segredos Bifes,Margão,Unidade,emb. 46 gr
Molho de Soja Doce,Miyata,Unidade,emb. 150 ml
Molho Carbonara,Ponti,Unidade,emb. 280 gr
Caldo para Bifes Cubos sem Glúten,Knorr,Unidade,emb. 8 un
Mistura para Grelhados de Peixe,Margão,Unidade,emb. 50 gr
Molho Madras,Patak's,Unidade,emb. 450 gr
Açafrão das Índias Saqueta,Margão,Unidade,emb. 35 gr
Molho de Queijo,Doritos,Unidade,emb. 280 gr
Caldo de Galinha Cubos sem Sal sem Glúten,Knorr,Unidade,emb. 8 un
Ketchup Squeezable sem Glúten,Heinz,Unidade,emb. 342 gr
Mostarda em Grão Frasco,Savora,Unidade,emb. 190 gr
Caril Indiano em Frasco,Incopil,Unidade,emb. 200 gr
Caldo de Chili com Carne em Saqueta,Knorr,Unidade,emb. 4 un
Molho para Churrasco Top Down,Heinz,Unidade,emb. 250 gr
Caldo de Peixe Cubos sem Glúten,Knorr,Unidade,emb. 8 un
Caldo de Galinha com Azeite Virgem Extra Cubos,Knorr,Unidade,emb. 8 un
Cravinho Grão Saquetas,Margão,Unidade,emb. 22 gr
Tempero em Pó de Galinha sem Glúten,Knorr,Unidade,emb. 135 gr
Maionese de Sriracha,Continente Seleção,Unidade,emb. 140 ml
Especiarias para Grelhados em Frasco,Margão,Unidade,emb. 17 gr
Hot Chicken Top Down sem Glúten,Calvé,Unidade,emb. 266 gr
Molho Indiano Tandoori,Patak's,Unidade,emb. 450 gr
Maionese do Mar,Paladin,Unidade,emb. 450 ml
Manjericão Folha em Frasco,Margão,Unidade,emb. 11 gr
Sal Rosa dos Himalaias Fino,Vatel,Unidade,emb. 250 gr
Caldo de Galinha Cubos,Knorr,Unidade,emb. 16 un
Cardamomo Grão em Frasco,Margão,Unidade,emb. 24 gr
Molho Inglês,Paladin,Unidade,emb. 200 ml
Sal Grosso com Menos 33% Sódio,Vatel,Unidade,emb. 750 gr
Conjunto 6 Especiarias para Gin com Colher,Mix,Unidade,emb. 300 gr
Molho Piri-piri Extra,Continente,Unidade,emb. 100 ml
Molho Vinagrete,Gallo,Unidade,emb. 10 x 20 ml
Caldo de Carne Natura,Knorr,Unidade,emb. 4 un
Leite de Coco Light,Jerónimos,Unidade,emb. 400 ml
Molho de Iogurte para Saladas em Vidro,Kühne,Unidade,emb. 250 ml
Molho Salada Caesar Top Down,Heinz,Unidade,emb. 400 ml
Tempero de Alho e Salsa Cubos sem Glúten,Knorr,Unidade,emb. 8 un
Erva Doce Saqueta,Margão,Unidade,emb. 35 gr
Molho Mexicano sem Glúten,Madre Mia,Unidade,emb. 315 gr
Molho Hoisin,Lee Kum Kee,Unidade,emb. 397 gr
Molho Pitta Top Down,Continente,Unidade,emb. 285 ml
Segredos para Massas,Margão,Unidade,emb. 16 gr
Piri-Piri Chipotle,Margão,Unidade,emb. 46 gr
Cravinho Grão em Frasco,Margão,Unidade,emb. 23 gr
Mostarda Sacana,Paladin,Unidade,emb. 210 gr
Especiarias para Grelhados em Moinho,Margão,Unidade,emb. 32 gr
Tempero para Frango sem Glúten,Casa Pontinha,Unidade,emb. 200 gr
Tempero Strogonoff em Saqueta,Knorr,Unidade,emb. 4 un
Mix Pimentas com Sal Grosso Moinho,Continente,Unidade,emb. 182 gr
Leite de Coco Light,Salutem,Unidade,emb. 400 ml
Molho Teriyaki,Blue Dragon,Unidade,emb. 190 ml
Bicarbonato de Sódio em Frasco sem Glúten,Margão,Unidade,emb. 77 gr
Sal do Mediterrâneo com Moínho em Frasco,Margão,Unidade,emb. 68 gr
Cravinho Grão em Saqueta,Continente,Unidade,emb. 30 gr
Pimenta Branca em Grão em Saqueta,Continente,Unidade,emb. 50 gr
Caldo de Carne Cubos sem Glúten,Knorr,Unidade,emb. 16 un
Pasta Wasabi,Blue Dragon,Unidade,emb. 45 gr
Moinho Pimenta Preta,Margão,Unidade,emb. 30 gr
Molho Shoarma,Dona Sarah,Unidade,emb. 250 ml
Molho Wok,Kikkoman,Unidade,emb. 250 ml
Caldo de Legumes Cubos sem Sal,Knorr,Unidade,emb. 8 un
Flor de Sal,AoSal,Unidade,emb. 200 gr
Molho de Francesinha,Dom Duarte,Unidade,emb. 500 gr
Molho Picante Jalapeno,Gallo,Unidade,emb. 50 ml
Molho Vinagrete Balsâmico de Modena com Mel sem Glúten,Paladin,Unidade,emb. 250 gr
Pimentão La Vera em Lata,Margão,Unidade,emb. 70 gr
Piri-Piri com Azeite Extra Forte sem Glúten,Gallo,Unidade,emb. 50 ml
Caldo para Arroz Cubos sem Glúten,Knorr,Unidade,emb. 8 un
Molho Picante Chipotle sem Glúten,Tabasco,Unidade,emb. 60 ml
Molho Pitta,Paladin,Unidade,emb. 250 ml
Coentros Grão em Frasco,Margão,Unidade,emb. 22 gr
Caldo de Carne Cubos,Knorr,Unidade,emb. 8 un
Anis Estrelado em Saqueta,Margão,Unidade,emb. 25 gr
Tomate Seco em Óleo de Girassol,Guloso,Unidade,emb. 185 gr (peso escorrido 115 gr)
Creme de Coco sem Glúten,Koala,Unidade,emb. 165 ml
Maionese Receita Económica Top Down,Vianeza,Unidade,emb. 430 ml
Caldo de Carne Cubos menos 30% Sal,Knorr,Unidade,emb. 8 un
Pimenta Branca com Moínho em Frasco,Margão,Unidade,emb. 39 gr
Molho de Francesinha,Guloso,Unidade,emb. 500 gr
Molho Vinagrete,Paladin,Unidade,emb. 250 ml
Conjunto Moinho Pimenta e Sal,Margão,Unidade,emb. 275 gr
Molho Tomate e Manjericão,Calvé,Unidade,emb. 255 gr
Molho Pesto,Vitacress,Unidade,emb. 200 gr
Molho Mil Ilhas Salatfix,Kühne,Unidade,emb. 250 ml
Estrela de Anis para Gin,Mix,Unidade,emb. 20 gr
Flor de Laranjeira para Gin,Mix,Unidade,emb. 8 gr
Molho Sriracha,Ayam,Unidade,emb. 435 ml
Mistura de Ervas Aromáticas para Grelhados de Carne em Saqueta,Margão,Unidade,emb. 24 gr
Cebola Frita Crocante,Kühne,Unidade,emb. 100 gr
Caldo de Cogumelos,Knorr,Unidade,emb. 6 un
Bagas de Zimbro para Gin,Mix,Unidade,emb. 25 gr
Molho Kebab,Dona Sarah,Unidade,emb. 250 gr
Molho Chow Mein,Blue Dragon,Unidade,emb. 120 gr
Caldo de Carne Cubos sem Glúten,Maggi,Unidade,emb. 16 un
Molho de Ostras,Blue Dragon,Unidade,emb. 150 ml
Bicarbonato de Sódio Alimentar,Frutogal,Unidade,emb. 250 gr
Escama de Sal Negro,Continente Seleção,Unidade,emb. 90 gr
Pimenta Jamaica em Grão em Saqueta,Margão,Unidade,emb. 20 gr
Molho de Ostras e Cebolinho,Blue Dragon,Unidade,emb. 120 gr
Molho de Queijo,Mexifoods,Unidade,emb. 330 gr
Molho Agridoce,Lee Kum Kee,Unidade,emb. 240 gr
Molho Aioli com Chipotle,Continente Seleção,Unidade,emb. 140 ml
Garam Masala em Lata,Khanum,Unidade,emb. 100 gr
Molho Caril e Leite de Coco,Paladin,Unidade,emb. 250 ml
Molho de Queijo,Old El Paso,Unidade,emb. 200 gr
Gordura Vegetal de Palma,Guineas,Unidade,emb. 400 ml
Molho Teriyaki,Blue Dragon,Unidade,emb. 120 gr
Molho para Saladas César,Hellmann's,Unidade,emb. 210 ml
Caldo de Galinha Cubos,Maggi,Unidade,emb. 16 un
Mistura de Condimentos para Guacamole sem Glúten,Old El Paso,Unidade,emb. 20 gr
Ervas de Provence,Margão,Unidade,emb. 16 gr
Molho Piri-piri Sacana Cannabis,Paladin,Unidade,emb. 75 ml
Mix Salicórnia para Carne,Qampo,Unidade,emb. 50 gr
Molho de Peixe,Blue Dragon,Unidade,emb. 150 ml
Molho Agridoce Top Down sem Glúten,Calvé,Unidade,emb. 280 gr
Molho Piri-piri Sacana Ai-Ai,Paladin,Unidade,emb. 75 ml
Caldo de Galinha Cubos,Maggi,Unidade,emb. 6 un
Moinho 4 Bagas,Margão,Unidade,emb. 25 gr
Sal Preto do Chipre com Moínho,Margão,Unidade,emb. 50 gr
Flor de Hibisco para Gin,Mix,Unidade,emb. 10 gr
Pétalas de Rosa para Gin,Mix,Unidade,emb. 5 gr
Molho Almô sem Glúten,Al'Fez,Unidade,emb. 450 gr
Gengibre Moído,Margão,Unidade,emb. 32 gr
Pimenta Preta Moída do Brasil em Frasco,Margão,Unidade,emb. 32 gr
Coentros Grão para Gin,Mix,Unidade,emb. 20 gr
Escama de Sal Fumado,Continente Seleção,Unidade,emb. 90 gr
Pimenta para Bife em Grão Saqueta,Margão,Unidade,emb. 35 gr
Pimenta Branca Moída em Frasco,Margão,Unidade,emb. 40 gr
Pó Barbeque Seasoning,Rajah,Unidade,emb. 100 gr
Molho Jindungo,Espiga,Unidade,emb. 100 ml
Porções de Salmão Ultracongelado,Royal Greenland,Unidade,emb. 500 gr (5 un)
Delícias do Mar Ultracongeladas,Continente,Unidade,emb. 250 gr
Bacalhau Desfiado MSC Demolhado Ultracongelado,Continente,Unidade,emb. 500 gr
Salmão Fumado Noruega,Continente,Unidade,emb. 200 gr
Mimos de Pescada Ultracongelada,Pescanova,Unidade,emb. 360 gr (6 un)
Dourada Média Fresca,Continente,Quilo,Quant. Mínima = 500 gr (1 un)
Miolo de Camarão Grande 40/60 Ultracongelado,Pescanova,Unidade,emb. 200 gr (40/60 un)
Salmão Fumado Noruega,Continente,Unidade,emb. 100 gr
Medalhões de Pescada do Cabo Ultracongelados,Pescanova,Unidade,emb. 1 kg (8/14 un)
Miolo de Camarão 80/100 Ultracongelado,Continente,Unidade,emb. 250 gr
Lombos de Salmão ASC Ultracongelado,Continente,Unidade,emb. 500 gr (4 un)
Bacalhau MSC Desfiado Congelado,Riberalves,Unidade,emb. 400 gr
Pescada Média do Cabo MSC para Cozer Ultracongelada,Continente,Unidade,emb. 600 gr
Paloco do Pacífico MSC Desfiado Demolhado Ultracongelado,Continente,Unidade,emb. 500 gr
Lombos de Pescada do Cabo Ultracongelados,Continente,Unidade,emb. 400 gr
Mimos de Pescada do Cabo Ultracongelados,Pescanova,Unidade,emb. 1 kg (15/20 un)
Lombos de Salmão Ultracongelado,Pescanova,Unidade,emb. 250 gr (2 un)
Salmão da Noruega Fumado,Martiko,Unidade,emb. 80 gr
Filetes de Pescada Congelados,Continente,Unidade,emb. 1 kg
Filetes de Dourada ASC Ultracongelada,Iglo,Unidade,emb. 200 gr (2 un)
Filetes de Pescada do Cabo Ultracongelados,Pescanova,Unidade,emb. 400 gr
Lombos de Bacalhau MSC Demolhado Ultracongelados,Continente Seleção,Unidade,emb. 600 gr
Lulas Limpas Ultracongeladas,Continente,Unidade,emb. 400 gr
Porções de Salmão Ultracongelado,Royal Greenland,Unidade,emb. 500 gr (5 un)
Filetes de Dourada ASC Ultracongelada,Iglo,Unidade,emb. 200 gr (2 un)
Lombos de Salmão Ultracongelado,Pescanova,Unidade,emb. 250 gr (2 un)
Alas de Raia sem Pele Congeladas,Continente,Unidade,emb. 700 gr
Postas Pescada Nº 3 do Cabo para Cozer Ultracongeladas,Pescanova,Unidade,emb. 600 gr (3/5 un)
Miolo de Camarão Grande 40/60 Ultracongelado,Pescanova,Unidade,emb. 200 gr (40/60 un)
Delícias do Mar Ultracongeladas,Pescanova,Unidade,emb. 450 gr
Bacalhau MSC Desfiado Congelado,Riberalves,Unidade,emb. 400 gr
Miolo de Camarão Gigante 15/30 Ultracongelado,Pescanova,Unidade,emb. 250 gr (15/30 un)
Miolo de Gamba Rosa Selvagem de Moçambique 30/40 Congelado,Continente Seleção,Unidade,emb. 250 gr
Lombos de Perca do Nilo Congelados,Continente,Unidade,emb. 400 gr
Miolo de Camarão 80/100 Ultracongelado,Pescanova,Unidade,emb. 350 gr
Lula Limpa 20/40 Ultracongelada,Pescanova,Unidade,emb. 450 gr
Lombos de Salmão ASC Ultracongelado,Continente,Unidade,emb. 500 gr (4 un)
Medalhões de Pescada do Cabo MSC Ultracongelada,Continente,Unidade,emb. 1 kg
Postas de Pescada Nº 5 do Chile para Cozer Ultracongeladas,Pescanova,Unidade,emb. 800 gr (3/6 un)
Pescada Grande do Cabo MSC para Cozer Ultracongelada,Continente,Unidade,emb. 800 gr
Medalhões de Pescada do Cabo Ultracongelada,Iglo,Unidade,emb. 360 gr (6 un)
Posta de Pescada do Chile Nº5 para Cozer Ultracongelada,Continente,Unidade,emb. 600 gr
Lombos de Pescada MSC Ultracongelados,Iglo,Unidade,emb. 400 gr (4 un)
Miolo de Camarão Selvagem 20/40 Congelado,Continente,Unidade,emb. 400 gr
Posta de Maruca para Cozer Congelada,Continente,Unidade,emb. 500 gr
Medalhões de Pescada sem Pele Ultracongelada,Pescanova,Unidade,emb. 400 gr (4 un)
